CN/NN,1,2,3,4,5,6,7,8,9,11,14,16,17,19,20,21,23,24,26,33,34,37,40,44
1,69.0,57.0,81.0,83.0,90.0,190.0,83.0,1190.0,43.0,57.0,150.0,69.0,350.0,73.0,110.0,71.0,1190.0,1190.0,89.0,90.0,83.0,1190.0,1190.0,53.0
2,59.0,57.0,85.0,47.0,170.0,150.0,90.0,1190.0,79.0,49.0,79.0,90.0,210.0,89.0,110.0,170.0,350.0,210.0,51.0,130.0,170.0,1190.0,1190.0,79.0
3,47.0,23.0,57.0,90.0,90.0,590.0,27.0,1190.0,110.0,19.0,53.0,90.0,190.0,25.0,370.0,170.0,350.0,1190.0,150.0,85.0,89.0,1190.0,1190.0,83.0
4,51.0,41.0,79.0,1190.0,1190.0,1190.0,79.0,1190.0,170.0,90.0,110.0,330.0,190.0,1190.0,1190.0,83.0,1190.0,1190.0,90.0,210.0,1190.0,1190.0,1190.0,31.0
5,1190.0,1190.0,1190.0,1190.0,1190.0,1190.0,1190.0,1190.0,1190.0,150.0,130.0,250.0,190.0,1190.0,1190.0,1050.0,1190.0,1190.0,210.0,450.0,1190.0,1190.0,1190.0,90.0
6,59.0,15.0,41.0,330.0,690.0,1190.0,150.0,1190.0,370.0,21.0,170.0,270.0,490.0,90.0,1190.0,290.0,1190.0,1190.0,390.0,1190.0,1190.0,1190.0,1190.0,170.0
7,1190.0,1190.0,1190.0,1190.0,1190.0,1190.0,950.0,1190.0,1190.0,670.0,110.0,90.0,210.0,350.0,170.0,550.0,1190.0,1190.0,27.0,90.0,89.0,1190.0,1190.0,55.0
8,89.0,83.0,57.0,90.0,1190.0,230.0,85.0,1190.0,51.0,37.0,1190.0,1190.0,1190.0,130.0,1190.0,610.0,1190.0,1190.0,1190.0,1190.0,1190.0,1190.0,1190.0,1190.0
9,130.0,130.0,35.0,150.0,1190.0,130.0,1190.0,390.0,1190.0,390.0,130.0,110.0,510.0,130.0,90.0,1190.0,1190.0,1190.0,110.0,45.0,110.0,1190.0,1190.0,87.0
10,71.0,79.0,81.0,83.0,87.0,90.0,1190.0,85.0,90.0,75.0,31.0,27.0,77.0,81.0,81.0,83.0,79.0,75.0,53.0,83.0,85.0,1190.0,47.0,45.0
11,83.0,79.0,110.0,430.0,730.0,730.0,470.0,1190.0,750.0,90.0,85.0,51.0,90.0,90.0,150.0,90.0,1190.0,130.0,90.0,53.0,83.0,1190.0,1190.0,81.0
12,85.0,170.0,270.0,1190.0,730.0,1190.0,1190.0,1190.0,1190.0,90.0,83.0,69.0,110.0,90.0,170.0,330.0,1190.0,1190.0,57.0,85.0,90.0,1190.0,1190.0,90.0
13,1190.0,390.0,290.0,1190.0,290.0,710.0,1190.0,1190.0,1190.0,90.0,73.0,1190.0,1190.0,330.0,1190.0,1190.0,1190.0,1190.0,1190.0,1190.0,1190.0,1190.0,1190.0,1190.0
14,49.0,90.0,90.0,1190.0,1190.0,150.0,1190.0,49.0,1190.0,530.0,83.0,77.0,150.0,110.0,33.0,1190.0,1190.0,1190.0,83.0,83.0,1190.0,1190.0,1190.0,75.0
15,25.0,87.0,90.0,85.0,1190.0,85.0,1190.0,51.0,90.0,350.0,81.0,83.0,110.0,73.0,81.0,51.0,73.0,130.0,65.0,90.0,90.0,1190.0,950.0,69.0
23,1190.0,1190.0,1190.0,1190.0,1190.0,1190.0,1190.0,1190.0,1190.0,1190.0,1190.0,1190.0,1190.0,1190.0,1190.0,1190.0,1190.0,1190.0,1190.0,1190.0,1190.0,1190.0,1190.0,1190.0
26,47.0,67.0,90.0,270.0,1190.0,1190.0,1190.0,89.0,1190.0,90.0,81.0,37.0,81.0,90.0,81.0,1190.0,1190.0,1190.0,290.0,45.0,41.0,1190.0,1190.0,110.0
27,73.0,29.0,170.0,87.0,1190.0,1190.0,1190.0,90.0,1190.0,150.0,470.0,81.0,550.0,1170.0,1190.0,1190.0,1190.0,1190.0,75.0,89.0,390.0,1190.0,1190.0,81.0
29,1190.0,1190.0,1190.0,1190.0,1190.0,1190.0,1190.0,1190.0,1190.0,1190.0,1190.0,130.0,1190.0,1190.0,1190.0,1190.0,1190.0,1190.0,1190.0,1190.0,270.0,1190.0,1190.0,110.0
30,35.0,53.0,83.0,85.0,1190.0,170.0,1190.0,90.0,1190.0,90.0,79.0,73.0,110.0,90.0,35.0,90.0,1190.0,1190.0,83.0,83.0,75.0,1190.0,1190.0,57.0
32,69.0,83.0,87.0,85.0,1190.0,130.0,1190.0,90.0,1190.0,90.0,81.0,75.0,81.0,90.0,89.0,170.0,1190.0,1190.0,90.0,85.0,90.0,1190.0,1190.0,73.0
33,90.0,110.0,1190.0,1190.0,1190.0,1190.0,1190.0,1190.0,1190.0,470.0,49.0,57.0,870.0,90.0,35.0,130.0,1190.0,1190.0,51.0,61.0,85.0,1190.0,1190.0,47.0
35,90.0,90.0,49.0,1190.0,1190.0,1190.0,1190.0,310.0,1190.0,190.0,150.0,83.0,1190.0,90.0,1190.0,1190.0,1190.0,1190.0,87.0,81.0,81.0,1190.0,1190.0,63.0
36,90.0,47.0,29.0,150.0,1190.0,1190.0,1190.0,90.0,1190.0,110.0,83.0,85.0,1150.0,49.0,150.0,83.0,1190.0,1190.0,83.0,90.0,1190.0,1190.0,1190.0,73.0
