CN,1,2,3,4,5,6,7,8,9,11,19,21
1,69.0,57.0,81.0,83.0,90.0,190.0,83.0,1190.0,43.0,57.0,73.0,71.0
1-1,69.0,57.0,81.0,83.0,90.0,190.0,83.0,1190.0,43.0,57.0,73.0,71.0
2,59.0,57.0,85.0,47.0,170.0,150.0,90.0,1190.0,79.0,49.0,89.0,170.0
2-1,59.0,57.0,85.0,47.0,170.0,150.0,90.0,1190.0,79.0,49.0,89.0,170.0
3,47.0,23.0,57.0,90.0,90.0,590.0,27.0,1190.0,110.0,19.0,25.0,170.0
3-1,47.0,23.0,57.0,90.0,90.0,590.0,27.0,1190.0,110.0,19.0,25.0,170.0
4,51.0,41.0,79.0,1190.0,1190.0,1190.0,79.0,1190.0,170.0,90.0,1190.0,83.0
4-1,51.0,41.0,79.0,1190.0,1190.0,1190.0,79.0,1190.0,170.0,90.0,1190.0,83.0
5,1190.0,1190.0,1190.0,1190.0,1190.0,1190.0,1190.0,1190.0,1190.0,150.0,1190.0,1050.0
5-1,1190.0,1190.0,1190.0,1190.0,1190.0,1190.0,1190.0,1190.0,1190.0,150.0,1190.0,1050.0
6,59.0,15.0,41.0,330.0,690.0,1190.0,150.0,1190.0,370.0,21.0,90.0,290.0
6-1,59.0,15.0,41.0,330.0,690.0,1190.0,150.0,1190.0,370.0,21.0,90.0,290.0
7,1190.0,1190.0,1190.0,1190.0,1190.0,1190.0,950.0,1190.0,1190.0,670.0,350.0,550.0
7-1,1190.0,1190.0,1190.0,1190.0,1190.0,1190.0,950.0,1190.0,1190.0,670.0,350.0,550.0
8,89.0,83.0,57.0,90.0,1190.0,230.0,85.0,1190.0,51.0,37.0,130.0,610.0
8-1,89.0,83.0,57.0,90.0,1190.0,230.0,85.0,1190.0,51.0,37.0,130.0,610.0
