CN,1,2,3,4,5,6,7,8,9,11,14,16,17,19,20,21,23,24,26,33,34,37,40,44
1,0.5088983769739746,0.3516610209746937,0.209320125242624,0.1711078741988394,0.215102623530844,0.5847753422743567,0.0776039311809185,0.83982169173702,0.5522057070536025,0.1767579652080503,0.6227834828380697,0.6063205943594976,0.6301598400591488,0.2933969614796098,0.4963266834634496,0.2940307146972209,0.9433192854360816,0.9349344699286932,0.599001715733504,0.5264505007830491,0.6943775517245939,0.9280832585379928,0.9390533330149108,0.6300854061498159
2,0.3877432846231581,0.3359811403975028,0.2007746030093301,0.2063868288784674,0.2472765803601296,0.7812916652568729,0.0861514631644209,0.8185903891735617,0.5428193989449429,0.1890050539255083,0.6008687955756873,0.479934629456141,0.687655868468505,0.3493942594380487,0.7311861324237336,0.6176148970077271,0.7706375099506715,0.7348079956664738,0.5727163219456709,0.4225336549185605,0.4585608073370126,0.9118008266700368,0.9219009399755144,0.4833543740317821
3,0.3326850601598649,0.3405621721890462,0.2800066196612475,0.3425843958932578,0.7838574915600206,0.5793078644112313,0.342964618012638,0.814093274596542,0.6459832005381674,0.2339638846281566,0.6425716136006916,0.5009040781202398,0.6981685385771587,0.5179729478936115,0.7788732647263946,0.6041299167813382,0.7782454929630229,0.9073794789966276,0.6522510310537311,0.6750657411620389,0.6153311880237184,0.9100632576301548,0.9237259345443184,0.4690022153118733
4,0.4431925947983867,0.3716854063076611,0.4383423954645954,0.8141630687097813,0.8142128197711573,0.8133784612942125,0.4210935034687958,0.8317338844257918,0.6398349019222931,0.5402767309891465,0.559656845352667,0.6653630564474482,0.7776296370158085,0.8872716026942695,0.9113670993056772,0.4880198684832063,0.914895903605652,0.9084220163104096,0.485168524376992,0.6837841588298704,0.9107146770923782,0.9119671831084468,0.928553313115067,0.4856239834179983
5,0.8469777108166153,0.8651788800909309,0.8313394945496788,0.8217712525814606,0.8173904709121158,0.814779883750691,0.8219209190274471,0.8316484372333919,0.8305245256688922,0.800236855988567,0.6042064776932586,0.6580128562193004,0.781524787852767,0.8280927986224369,0.9114329272158682,0.6227291508958068,0.9248854524791768,0.9166991287341298,0.7726487212848204,0.7880283939197975,0.9112601595339336,0.9251914416653712,0.9452661196667058,0.5113306541909449
6,0.460803375461314,0.5971944811881599,0.4905451552449498,0.7888665858494599,0.795369331816968,0.8108415971076787,0.7756797121943018,0.8411376014630043,0.8014312033908958,0.2706043992899908,0.6924424452897489,0.7889313073587576,0.7624594927853359,0.6653354309816703,0.8897230421760378,0.5287043061734255,0.928649743920094,0.9333381305984814,0.8149899977479889,0.9145169179762686,0.9353991582144192,0.9490700486309342,0.959643760530591,0.779210038946974
7,1.0,0.947895519038334,0.9178495708734222,0.858980450164442,0.8344787030396026,0.8532943853393151,0.805976930625383,0.8989070957089312,0.8754143113823173,0.7936994548493358,0.5290231353160172,0.5240079079678026,0.7473233542046672,0.7334586452503081,0.6835312741414072,0.6584395099143507,0.9323724890273676,0.927527846274376,0.6789468054613594,0.4760102085853605,0.5064184879835665,0.9497047494118582,0.973801844757462,0.4638099991514631
8,0.5322026110077904,0.4344185889556785,0.379851380361012,0.4204731185885916,0.9376811131692736,0.7547749538261906,0.3795753494862527,0.894342638477508,0.6011912731492778,0.2972629369976006,1.0,1.0,1.0,0.3820007459370071,1.0,0.6685876617063238,1.0,1.0,0.9866686200690656,0.9908482379503962,0.9940606221459636,1.0,1.0,1.0
9,0.5502442981319736,0.4987267815098107,0.613741702220902,0.5262903192589833,0.7990593272735715,0.4282467636568521,0.8058052559538622,0.6707548185623203,0.7775154543297734,0.7256914864310243,0.6835985975152169,0.647252850451018,0.7711840490042516,0.6140931326196332,0.5276425492110375,0.8782381640839118,0.9209234877822946,0.9152471983325666,0.7602491257448272,0.6882970364101714,0.6870957740066606,0.9284794784512396,0.952248523918666,0.575101241708051
10,0.3329367079378494,0.3196329849672887,0.3013342205981063,0.2909807656885481,0.5746968413219764,0.2030338117603079,0.7841882110635432,0.2034292217134375,0.4495534174481517,0.5013976445132134,0.5992364383043882,0.4215109913572078,0.549770441776581,0.3986646712135493,0.411768462745985,0.5185620489407059,0.6150062349672214,0.4583089291090702,0.4073307980318326,0.2827354425091857,0.3768190694514156,0.9017004461526532,0.436194455157077,0.3839461754046773
11,0.416610672580588,0.5811456148842503,0.6022939078045665,0.7388772581786807,0.763694927703305,0.7677335395499703,0.7312713873010622,0.7797503433693894,0.7619659884085485,0.3564652336157439,0.5278534119900262,0.4680925439573307,0.6312925005496058,0.5162868186466051,0.6295758137825408,0.4996296793199035,0.9035040063065914,0.5398237261249857,0.3663204616265816,0.4736470221297846,0.52264626421854,0.8936648631845581,0.9143751570315808,0.4726841689988133
12,0.4553886257859233,0.6292091154761217,0.7485528570255446,0.7912514030285853,0.7699150469716276,0.7835767327351388,0.7828690645981424,0.7813470835569866,0.7794906734280826,0.4350829246660069,0.5973694679787204,0.4780473885620032,0.6422910870187533,0.6174705411193852,0.7565415140571105,0.784144667027005,0.8960332105067568,0.8640910199454291,0.3279714355339977,0.6079528237733428,0.5487663791586411,0.8958869254367673,0.9136061482948732,0.4964828816081696
13,0.8089872610565348,0.6926363199060376,0.5973902987202879,0.8231532553247528,0.7726425078411877,0.7508827289141579,0.7914062163373408,0.7653358201150047,0.7941869178637898,0.4614480935146117,0.7485736466127925,0.8553224777447082,0.8785538635712479,0.7297165321168958,0.8506917273647098,0.8668171561811084,0.8984081728523161,0.8969359809223227,0.8160138665979547,0.8539348699338134,0.8944745415761035,0.900541640479036,0.923613689917618,0.9347604263556089
14,0.6094117332440224,0.4240236714379901,0.3662324492376813,0.942160507816533,0.9285993252713682,0.7600829941504555,0.9115281136733062,0.6805020123613618,0.9094492139059848,0.8084952051907884,0.5305709560072426,0.3994684691715887,0.6902000700224382,0.39506369477795,0.6905783836987279,0.96205803195955,0.8507071565401944,0.8550672548187644,0.3350383809498454,0.3974502142948949,0.8507715511956554,0.8581887230728373,0.8961992871591327,0.4179214096146629
15,0.6230212790604253,0.4264445002892899,0.3768366764183361,0.3087451541229039,0.8783911644864375,0.3353848035978383,0.884406512742383,0.6923967200186343,0.3944132298062122,0.7648275987201194,0.4270283389774967,0.4548988517947359,0.5864773255290813,0.3137980383233729,0.3730269595428605,0.3419937099546022,0.4992971449656362,0.5124311919949336,0.3451251536387626,0.3782665964382232,0.3879970196839243,0.8406432386345631,0.7900928189826445,0.5177273069864609
23,0.990218556598542,0.9427606166468028,0.8631855513405827,0.8433099695256433,0.8119608006752406,0.8097378879740892,0.8112774496377114,0.8161347872705569,0.8195006389040523,0.8190720779640988,1.0,0.9830340754847338,0.9482641812390592,0.8708893743455748,0.9336840024242724,0.9526544885239996,0.9171989992010235,0.9011356135503118,0.901535084889702,0.902550648388853,0.8994848716317705,0.9093082997870012,0.9430377000112496,0.988223388647293
26,0.2363376770452987,0.3531466707097482,0.3572725926124386,0.7665950107644992,0.8081482418674021,0.7959147786942625,0.8020531241466977,0.6938333504073609,0.8178557934594056,0.447884106607084,0.5309378588001242,0.4306332864528256,0.6201552553374545,0.6478500706654557,0.5142154724515043,0.8587531183234184,0.945390267516126,0.9319952090210692,0.5559689699164926,0.4409519810762448,0.6410017768634333,0.9686782913545172,0.999810238222506,0.4458319481473699
27,0.536222440243169,0.6981249870825266,0.6314365190579337,0.5378498964349065,0.8502332172244812,0.8443073333404146,0.855376660136967,0.6222528079474525,0.8596901300274553,0.7083477515021785,0.6592567767109417,0.4749271006297793,0.8004634769461674,0.7607485185442817,0.9480388674768492,0.9540863438850874,1.0,0.9761342980340992,0.5595142939014094,0.6505764513614402,0.827306002334583,1.0,1.0,0.737045432974489
29,1.0,0.967509081024692,0.933646164229473,0.9160571212307028,0.8877119470759508,0.879454985621251,0.8790161568101081,0.8789135284804679,0.8847456825315081,0.8791773344515099,0.9693154882030992,0.7873383015723144,0.8865586747982285,0.8628121469321784,0.85693274049729,0.9950056017622292,0.84038579817016,0.8441818766881494,0.8303096403897404,0.8376974069095057,0.7760159568567218,0.8381952239000305,0.863940839680254,0.777607816301671
30,0.3399035967282129,0.4211027711413276,0.4065761891863442,0.523325369864863,0.8797722515610732,0.5375172168446314,0.877675042199528,0.1679211531457655,0.875043622137555,0.5307366885062115,0.4579459539715559,0.363930387166242,0.6242165228197672,0.5305824936476784,0.7026813955517522,0.7503723807979327,0.8420292382110123,0.8389753443354273,0.2075104608195868,0.323674361477365,0.3401260082999372,0.8504016106040887,0.8755730194720939,0.347608090986961
32,0.4368918323517515,0.3584359578862685,0.4407668740600162,0.495429384178507,0.8853349178831438,0.7069483875147156,0.878905095773258,0.320721777115791,0.8667511097801053,0.7595150250668403,0.4788330942403005,0.3921438457025203,0.5734315159611975,0.4925829292401933,0.6079411574563174,0.6864734061642437,0.8457976772890852,0.8418377457671518,0.3702467213927604,0.5287433490206984,0.6216607111821105,0.8709096177652048,0.8987950055978857,0.4097644097114932
33,0.5679979407235427,0.6069909711610925,0.9538319195063232,0.933594091572286,0.9166865558562304,0.8985574229255403,0.8904128065917446,0.9007901107697368,0.8886822641269547,0.8136546535585052,0.6195195137848014,0.4442482022739938,0.7907037035816632,0.5074880164650528,0.6946842853355882,0.7858959345431522,0.8818393438573059,0.8656205971698118,0.4635843747748611,0.4880802777193237,0.661006533558319,0.9038821706616522,0.9143658265797164,0.4399545732701544
35,0.5231477626678801,0.5398564765209851,0.724580203950175,0.9559727788431484,0.9439429229052008,0.9227186623402358,0.926133530813214,0.7922063099387378,0.9202745736605904,0.7234734319328262,0.5841679312761354,0.4937716643540309,0.8366719286255637,0.5553133851114864,0.8559627427124995,1.0,0.850397319436303,0.850311539036825,0.6337391742545784,0.6729622340763651,0.7435968962999503,0.8706727557095246,0.9096522692691056,0.4749597074382018
36,0.5720277360492779,0.5732518383034146,0.6433214436406043,0.8246925067676382,1.0,0.950313391757695,0.9776849185663652,0.5234278552812657,0.976572251954829,0.5475408463048095,0.635775087774605,0.504138350816995,0.7968145976750927,0.7165022583526948,0.7380507237042161,0.4266756674293483,0.903391024349818,0.8801454032336656,0.4696823495896994,0.5828946560884073,0.8986409084751901,0.9291634217527764,0.9531670674027912,0.4703019314591939
